Strategy,throughput,error_rate,avg_response_size,buffer_utilization,avg_chunks,avg_chunk_size
Fixed (128KB),694.6197102468092,0.0,1652.5454545454545,0.012607921253551136,1,1652.5454545454545
Fixed (128KB),709.977184673161,0.0,1647.7575757575758,0.012571392637310606,1,1647.7575757575758
Dynamic,695.2393516939949,0.0,1627.8030303030303,0.19870642459753787,1,1627.8030303030303
Dynamic,704.524885789494,0.0,1680.8939393939395,0.20518724846117425,1,1680.8939393939395
MAP-Elites,701.0358468343086,0.0,1641.1818181818182,0.23107017355342976,1,1641.1818181818182
MAP-Elites,708.5734027067286,0.0,1644.560606060606,0.19752319818036007,1,1644.560606060606
