Strategy,throughput,error_rate,avg_response_size,buffer_utilization,avg_chunks,avg_chunk_size
Fixed (128KB),348.55857191416305,0.0,3715.4444444444443,0.008512567590784144,3.0,1115.7592592592594
Fixed (128KB),319.446581579338,0.0,3990.8888888888887,0.008831871880425347,3.111111111111111,1157.611111111111
Fixed (128KB),339.7237383712503,0.0,3595.777777777778,0.008576408265128968,2.888888888888889,1124.126984126984
Dynamic,350.6124815997096,0.0,4058.222222222222,0.16023084852430555,3.0,1312.611111111111
Dynamic,333.15194974784964,0.0,3718.222222222222,0.14358738490513392,3.0,1176.267857142857
Dynamic,300.16343005306277,0.0,3572.3333333333335,0.13982728019593255,2.7777777777777777,1145.4650793650794
MAP-Elites,417.43632482130084,0.0,3763.6666666666665,0.97069751267569,2.888888888888889,1301.438492063492
MAP-Elites,406.67054796237835,0.0,3988.6666666666665,1.0224445325223261,2.888888888888889,1370.1468253968253
MAP-Elites,356.06307216763014,0.0,3858.222222222222,0.788589763327084,3.2222222222222223,1060.4388888888889
