Strategy,throughput,error_rate,avg_response_size,buffer_utilization,avg_chunks,avg_chunk_size
Fixed (128KB),681.1278448659442,0.0,1607.2878787878788,0.012262633352568655,1,1607.2878787878788
Fixed (128KB),676.5252589419881,0.0,1615.0454545454545,0.012321818958629261,1,1615.0454545454545
Dynamic,675.670215298599,0.0,1596.7424242424242,0.1949148467092803,1,1596.7424242424242
Dynamic,670.5805553027244,0.0,1657.2878787878788,0.20230564926609848,1,1657.2878787878788
MAP-Elites,683.338117353652,0.0,1610.2878787878788,0.07155387327625605,1,1610.2878787878788
MAP-Elites,680.1648644193873,0.0,1596.909090909091,0.08321862810899547,1,1596.909090909091
