Strategy,throughput,error_rate,avg_response_size,buffer_utilization,avg_chunks,avg_chunk_size
Fixed (128KB),701.8926957339042,0.0,1629.590909090909,0.012432791969992897,1,1629.590909090909
Fixed (128KB),694.4529975516109,0.0,1658.560606060606,0.012653813217625473,1,1658.560606060606
Dynamic,722.9433194043205,0.0,1657.1060606060605,0.20228345466382575,1,1657.1060606060605
Dynamic,686.0479812437196,0.0,1643.3636363636363,0.20060591264204544,1,1643.3636363636363
MAP-Elites,704.984047210399,0.0,1630.4242424242425,0.2650624105357804,1,1630.4242424242425
MAP-Elites,699.5729272434771,0.0,1602.0454545454545,0.19967330904165026,1,1602.0454545454545
