Strategy,throughput,error_rate,avg_response_size,buffer_utilization,avg_chunks,avg_chunk_size
Fixed (128KB),696.8522678177309,0.0,1665.1515151515152,0.012704097863399622,1,1665.1515151515152
Fixed (128KB),701.7453016509005,0.0,1660.121212121212,0.012665719696969696,1,1660.121212121212
Dynamic,707.2387114316908,0.0,1657.3181818181818,0.20230934836647727,1,1657.3181818181818
Dynamic,696.7189557575324,0.0,1650.469696969697,0.20147335168087122,1,1650.469696969697
MAP-Elites,691.3119011851988,0.0,1650.5757575757575,0.8547017191692833,1,1650.5757575757575
MAP-Elites,708.2720477852143,0.0,1662.439393939394,0.7348048829356475,1,1662.439393939394
