Strategy,throughput,error_rate,avg_response_size,buffer_utilization,avg_chunks,avg_chunk_size
Fixed (128KB),667.4633570595547,0.0,1629.560606060606,0.012432560776219223,1,1629.560606060606
Fixed (128KB),720.2675004284407,0.0,1667.2878787878788,0.012720397024443655,1,1667.2878787878788
Dynamic,708.0768008819284,0.0,1630.590909090909,0.19904674183238635,1,1630.590909090909
Dynamic,696.4201613564207,0.0,1654.1969696969697,0.20192834102746213,1,1654.1969696969697
MAP-Elites,699.997654822684,0.0,1602.7878787878788,0.3948271076109708,1,1602.7878787878788
MAP-Elites,712.8217141455902,0.0,1633.3484848484848,0.5784389229299908,1,1633.3484848484848
