Implementation,Average Response Time (s),Peak Memory (MB),Requests/Second
LiteLLM(async),18.10370151201884,240.515625,2.651391483014308
Native(aiohttp),19.735374848047893,247.99479166666666,2.432180810832072
Bhumi(native),25.846909681955974,252.0,1.8570885491006823
OpenAI(async),22.209585348765057,252.328125,2.1612290029840198
