Implementation,Average Response Time (s),Peak Memory (MB),Requests/Second
LiteLLM(async),18.46198074022929,238.65625,2.5999377139098816
Native(aiohttp),21.557579199473064,243.97395833333334,2.226595090100528
Bhumi(native),21.156496445337932,247.39583333333334,2.268806658229904
OpenAI(async),17.400389432907104,214.546875,2.758558949791308
